<tabela=Cartao>
</tabela>
<tabela=Cliente>
</tabela>
<tabela=Acomodacao>
</tabela>
<tabela=acomodacaocategoria></tabela>
<tabela=Fornecedores>
</tabela>
<tabela=Hotel>
<registro>
<nome_fantasia>1</nome_fantasia>
<nome_real>1</nome_real>
<inscricao_estadual>1</inscricao_estadual>
<cnpj>11.111.111/1111-11</cnpj>
<endereco>1</endereco>
<lucro>11</lucro>
<telefone>(11)11111-1111</telefone>
<email>usuario@tipomail.com</email>
<nome_responsavel>1</nome_responsavel>
<telefone_responsavel>(11)11111-1111</telefone_responsavel>
</registro>
</tabela>
<tabela=Operadores>
</tabela>
<tabela=produtos_Cons>
</tabela>
<tabela=Caixa>
</tabela>
<tabela=Conta>
</tabela>
<tabela=reserva>
</tabela>
</dados>
